{"cameraMode":{"drawMode":0,"name":"Shaded","section":"Shading Mode"},"sceneLighting":false,"audioPlay":false,"sceneViewState":{"m_AlwaysRefresh":false,"showFog":true,"showSkybox":false,"showFlares":true,"showImageEffects":true,"showParticleSystems":true,"showVisualEffectGraphs":true,"m_FxEnabled":true},"in2DMode":false,"pivot":{"x":0.5492712259292603,"y":-0.2029634416103363,"z":0.2656671702861786},"rotation":{"x":0.28279075026512148,"y":0.026191314682364465,"z":-0.007728878874331713,"w":0.9588028788566589},"size":0.7541998624801636,"orthographic":false}